flight,origin,origin_iata,arr_scheduled,arr_actual,delay_min,status,n_snapshots,last_collected_at
U21868,Prague,PRG,2026-05-16 00:05,,,prevu,9,2026-05-16 06:56
OYO10,Bourges,BOU,2026-05-16 03:50,,,prevu,8,2026-05-16 06:56
U21387,Genève,GVA,2026-05-16 07:40,,,prevu,2,2026-05-16 07:56
W46769,Venise,VCE,2026-05-16 08:10,,,prevu,2,2026-05-16 08:56
W46199,Rome,FCO,2026-05-16 08:15,,,prevu,2,2026-05-16 08:56
AA8621,Madrid,MAD,2026-05-16 08:35,,,prevu,2,2026-05-16 08:56
IB1199,Madrid,MAD,2026-05-16 08:35,,,prevu,2,2026-05-16 08:56
QR7248,Madrid,MAD,2026-05-16 08:35,,,prevu,2,2026-05-16 08:56
VY5510,Madrid,MAD,2026-05-16 08:35,,,prevu,2,2026-05-16 08:56
EC1816,Lyon,LYS,2026-05-16 08:55,,,prevu,2,2026-05-16 08:56
U21816,Lyon,LYS,2026-05-16 08:55,,,prevu,2,2026-05-16 08:56
AF7430,Paris,CDG,2026-05-16 09:00,,,prevu,2,2026-05-16 09:56
AM5985,Paris,CDG,2026-05-16 09:00,,,prevu,2,2026-05-16 09:56
DL8382,Paris,CDG,2026-05-16 09:00,,,prevu,2,2026-05-16 09:56
U28383,Londres,LGW,2026-05-16 09:25,,,prevu,2,2026-05-16 09:56
V72447,Napoli,NAP,2026-05-16 09:25,,,prevu,2,2026-05-16 09:56
BA2570,Londres,LGW,2026-05-16 09:30,,,prevu,2,2026-05-16 09:56
QR6242,Londres,LGW,2026-05-16 09:30,,,prevu,2,2026-05-16 09:56
V72605,Ajaccio,AJA,2026-05-16 09:35,,,prevu,2,2026-05-16 09:56
LH1070,Francfort,FRA,2026-05-16 09:50,,,prevu,2,2026-05-16 09:56
LX3606,Francfort,FRA,2026-05-16 09:50,,,prevu,2,2026-05-16 09:56
V72441,Calvi,CLY,2026-05-16 09:50,,,prevu,2,2026-05-16 09:56
U21826,Nice,NCE,2026-05-16 09:55,,,prevu,2,2026-05-16 09:56
AA8017,Dublin,DUB,2026-05-16 10:05,,,prevu,2,2026-05-16 10:56
EI502,Dublin,DUB,2026-05-16 10:05,,,prevu,2,2026-05-16 10:56
LH4200,Munich,MUC,2026-05-16 10:05,,,prevu,2,2026-05-16 10:56
VL2258,Munich,MUC,2026-05-16 10:05,,,prevu,2,2026-05-16 10:56
GAC989B,Dijon,DIJ,2026-05-16 10:14,,,prevu,2,2026-05-16 10:56
EVE4U,Paris,CDG,2026-05-16 10:36,,,prevu,2,2026-05-16 10:56
AF7432,Paris,CDG,2026-05-16 11:00,2026-05-16 10:59,-1,en_route,2,2026-05-16 11:56
AM5722,Paris,CDG,2026-05-16 11:00,2026-05-16 10:59,-1,en_route,2,2026-05-16 11:56
BT5770,Paris,CDG,2026-05-16 11:00,,,prevu,2,2026-05-16 11:56
DL8312,Paris,CDG,2026-05-16 11:00,2026-05-16 10:59,-1,en_route,2,2026-05-16 11:56
DL8381,Paris,CDG,2026-05-16 11:00,2026-05-16 10:59,-1,en_route,2,2026-05-16 11:56
MK9012,Paris,CDG,2026-05-16 11:00,2026-05-16 10:59,-1,en_route,2,2026-05-16 11:56
MU1537,Paris,CDG,2026-05-16 11:00,2026-05-16 10:59,-1,en_route,2,2026-05-16 11:56
SK9736,Paris,CDG,2026-05-16 11:00,2026-05-16 10:59,-1,en_route,2,2026-05-16 11:56
VN3238,Paris,CDG,2026-05-16 11:00,2026-05-16 10:59,-1,en_route,2,2026-05-16 11:56
AF8287,Amsterdam,AMS,2026-05-16 11:05,2026-05-16 10:54,-11,en_route,2,2026-05-16 11:56
DL9624,Amsterdam,AMS,2026-05-16 11:05,2026-05-16 10:54,-11,en_route,2,2026-05-16 11:56
KL1441,Amsterdam,AMS,2026-05-16 11:05,2026-05-16 10:54,-11,en_route,2,2026-05-16 11:56
KQ1315,Amsterdam,AMS,2026-05-16 11:05,2026-05-16 10:54,-11,en_route,2,2026-05-16 11:56
MU1571,Amsterdam,AMS,2026-05-16 11:05,2026-05-16 10:54,-11,en_route,2,2026-05-16 11:56
SK6776,Amsterdam,AMS,2026-05-16 11:05,2026-05-16 10:54,-11,en_route,2,2026-05-16 11:56
AF7442,Paris,CDG,2026-05-16 11:25,2026-05-16 11:36,11,en_route,2,2026-05-16 11:56
AM5931,Paris,CDG,2026-05-16 11:25,2026-05-16 11:36,11,en_route,2,2026-05-16 11:56
BT5784,Paris,CDG,2026-05-16 11:25,2026-05-16 11:36,11,en_route,2,2026-05-16 11:56
DL8323,Paris,CDG,2026-05-16 11:25,2026-05-16 11:36,11,en_route,2,2026-05-16 11:56
DL8341,Paris,CDG,2026-05-16 11:25,2026-05-16 11:36,11,en_route,2,2026-05-16 11:56
SK9731,Paris,CDG,2026-05-16 11:25,2026-05-16 11:36,11,en_route,2,2026-05-16 11:56
AT792,Casablanca,CMN,2026-05-16 11:30,2026-05-16 11:38,8,en_route,2,2026-05-16 11:56
V72247,Dubrovnik,DBV,2026-05-16 11:35,2026-05-16 11:25,-10,en_route,2,2026-05-16 11:56
EC3961,Milan,MXP,2026-05-16 12:45,,,prevu,2,2026-05-16 12:56
U23961,Milan,MXP,2026-05-16 12:45,,,prevu,2,2026-05-16 12:56
AF7434,Paris,CDG,2026-05-16 13:15,,,prevu,2,2026-05-16 13:56
AM5793,Paris,CDG,2026-05-16 13:15,,,prevu,2,2026-05-16 13:56
AY6361,Paris,CDG,2026-05-16 13:15,,,prevu,2,2026-05-16 13:56
BT5619,Paris,CDG,2026-05-16 13:15,,,prevu,2,2026-05-16 13:56
DL8317,Paris,CDG,2026-05-16 13:15,,,prevu,2,2026-05-16 13:56
DL8327,Paris,CDG,2026-05-16 13:15,,,prevu,2,2026-05-16 13:56
DL8391,Paris,CDG,2026-05-16 13:15,,,prevu,2,2026-05-16 13:56
MK9016,Paris,CDG,2026-05-16 13:15,,,prevu,2,2026-05-16 13:56
SK9731,Paris,CDG,2026-05-16 13:15,,,prevu,2,2026-05-16 13:56
SK9733,Paris,CDG,2026-05-16 13:15,,,prevu,2,2026-05-16 13:56
VN3240,Paris,CDG,2026-05-16 13:15,,,prevu,2,2026-05-16 13:56
WS5006,Paris,CDG,2026-05-16 13:15,,,prevu,2,2026-05-16 13:56
U21834,Bastia,BIA,2026-05-16 13:20,,,prevu,2,2026-05-16 13:56
V72403,Bastia,BIA,2026-05-16 13:45,,,prevu,2,2026-05-16 13:56
LX552,Zurich,ZRH,2026-05-16 14:10,,,prevu,2,2026-05-16 14:56
V72433,Figari,FSC,2026-05-16 14:15,,,prevu,2,2026-05-16 14:56
U21880,Funchal,FNC,2026-05-16 14:25,,,prevu,2,2026-05-16 14:56
U21884,Héraklion,HER,2026-05-16 15:10,,,prevu,2,2026-05-16 15:56
AF7444,Paris,CDG,2026-05-16 15:20,,,prevu,2,2026-05-16 15:56
AM5759,Paris,CDG,2026-05-16 15:20,,,prevu,2,2026-05-16 15:56
DL8342,Paris,CDG,2026-05-16 15:20,,,prevu,2,2026-05-16 15:56
SK9735,Paris,CDG,2026-05-16 15:20,,,prevu,2,2026-05-16 15:56
WS5004,Paris,CDG,2026-05-16 15:20,,,prevu,2,2026-05-16 15:56
U28385,Londres,LGW,2026-05-16 15:25,,,en_route,2,2026-05-16 15:56
EI818,Cork,ORK,2026-05-16 15:45,,,prevu,2,2026-05-16 15:56
AF8293,Amsterdam,AMS,2026-05-16 16:20,,,prevu,2,2026-05-16 16:56
DL9160,Amsterdam,AMS,2026-05-16 16:20,,,prevu,2,2026-05-16 16:56
DL9161,Amsterdam,AMS,2026-05-16 16:20,,,prevu,2,2026-05-16 16:56
H5387,Cannes,CEQ,2026-05-16 16:20,,,prevu,2,2026-05-16 16:56
KL1445,Amsterdam,AMS,2026-05-16 16:20,,,prevu,2,2026-05-16 16:56
KQ1317,Amsterdam,AMS,2026-05-16 16:20,,,prevu,2,2026-05-16 16:56
SK6780,Amsterdam,AMS,2026-05-16 16:20,,,prevu,2,2026-05-16 16:56
WS5212,Amsterdam,AMS,2026-05-16 16:20,,,prevu,2,2026-05-16 16:56
AH1190,Alger,ALG,2026-05-16 16:30,,,prevu,2,2026-05-16 16:56
IB5437,Barcelone,BCN,2026-05-16 16:55,,,prevu,2,2026-05-16 16:56
LA5787,Barcelone,BCN,2026-05-16 16:55,,,prevu,2,2026-05-16 16:56
LL5267,Barcelone,BCN,2026-05-16 16:55,,,prevu,2,2026-05-16 16:56
QR3556,Barcelone,BCN,2026-05-16 16:55,,,prevu,2,2026-05-16 16:56
VY2912,Barcelone,BCN,2026-05-16 16:55,,,prevu,2,2026-05-16 16:56
AA8623,Madrid,MAD,2026-05-16 17:25,,,prevu,2,2026-05-16 17:56
CX1874,Madrid,MAD,2026-05-16 17:25,,,prevu,2,2026-05-16 17:56
IB1203,Madrid,MAD,2026-05-16 17:25,2026-05-16 17:11,-14,en_route,2,2026-05-16 17:56
LA1689,Madrid,MAD,2026-05-16 17:25,,,prevu,2,2026-05-16 17:56
QR5375,Madrid,MAD,2026-05-16 17:25,,,prevu,2,2026-05-16 17:56
VY5514,Madrid,MAD,2026-05-16 17:25,,,prevu,2,2026-05-16 17:56
VLJ996U,Er-Rachidia,ERH,2026-05-16 17:26,,,prevu,2,2026-05-16 17:56
V71346,Venise,VCE,2026-05-16 17:30,,,prevu,2,2026-05-16 17:56
V72663,Bari,BRI,2026-05-16 17:40,,,prevu,2,2026-05-16 17:56
TK1391,Istanbul,IST,2026-05-16 17:55,,,prevu,2,2026-05-16 17:56
JFA26L,Porto,OPO,2026-05-16 18:07,,,prevu,2,2026-05-16 18:56
AF7436,Paris,CDG,2026-05-16 18:10,,,prevu,2,2026-05-16 18:56
AM5854,Paris,CDG,2026-05-16 18:10,,,prevu,2,2026-05-16 18:56
AR7824,Paris,CDG,2026-05-16 18:10,,,prevu,2,2026-05-16 18:56
AY6327,Paris,CDG,2026-05-16 18:10,,,prevu,2,2026-05-16 18:56
DL8490,Paris,CDG,2026-05-16 18:10,,,prevu,2,2026-05-16 18:56
MK9018,Paris,CDG,2026-05-16 18:10,,,prevu,2,2026-05-16 18:56
MU1867,Paris,CDG,2026-05-16 18:10,,,prevu,2,2026-05-16 18:56
SK9732,Paris,CDG,2026-05-16 18:10,,,prevu,2,2026-05-16 18:56
WS5126,Paris,CDG,2026-05-16 18:10,,,prevu,2,2026-05-16 18:56
U21852,Santa Cruz de Ténérife,TFS,2026-05-16 18:25,,,prevu,2,2026-05-16 18:56
U21906,Marrakech,RAK,2026-05-16 19:35,,,prevu,2,2026-05-16 19:56
U21930,Rome,FCO,2026-05-16 19:40,,,prevu,3,2026-05-16 02:56
V72443,Palma de Mallorca,PMI,2026-05-16 20:25,,,en_route,2,2026-05-16 20:56
BA2572,Londres,LGW,2026-05-16 20:35,,,prevu,2,2026-05-16 20:56
QR5938,Londres,LGW,2026-05-16 20:35,,,prevu,2,2026-05-16 20:56
D83632,Copenhague,CPH,2026-05-16 20:50,,,prevu,9,2026-05-16 06:56
ARL707A,Paris,LBG,2026-05-16 20:55,,,prevu,9,2026-05-16 06:56
U21391,Genève,GVA,2026-05-16 20:55,,,prevu,9,2026-05-16 06:56
U28385,Londres,LGW,2026-05-16 21:10,,,en_route,9,2026-05-16 06:56
U22423,Luton,LTN,2026-05-16 21:15,,,prevu,2,2026-05-16 21:56
BA2572,Londres,LGW,2026-05-16 21:20,,,prevu,9,2026-05-16 06:56
QR5938,Londres,LGW,2026-05-16 21:20,,,prevu,9,2026-05-16 06:56
U24311,Lyon,LYS,2026-05-16 21:20,,,prevu,9,2026-05-16 06:56
U27605,Lisbonne,LIS,2026-05-16 21:20,,,prevu,2,2026-05-16 21:56
V72611,Strasbourg,SXB,2026-05-16 21:20,2026-05-16 22:26,66,en_route,9,2026-05-16 06:56
U21824,Lille,LIL,2026-05-16 21:35,,,prevu,9,2026-05-16 06:56
V72139,Sevilla,SVQ,2026-05-16 21:50,,,prevu,2,2026-05-16 21:56
BJ718,Tunis,TUN,2026-05-16 21:55,2026-05-16 21:53,-2,en_route,9,2026-05-16 06:56
U22375,Luton,LTN,2026-05-16 21:55,,,prevu,9,2026-05-16 06:56
AF7440,Paris,CDG,2026-05-16 22:00,2026-05-16 22:16,16,prevu,11,2026-05-16 22:56
AM5794,Paris,CDG,2026-05-16 22:00,2026-05-16 22:16,16,prevu,11,2026-05-16 22:56
AY6303,Paris,CDG,2026-05-16 22:00,2026-05-16 22:16,16,prevu,11,2026-05-16 22:56
BT5613,Paris,CDG,2026-05-16 22:00,2026-05-16 22:16,16,prevu,11,2026-05-16 22:56
MK9010,Paris,CDG,2026-05-16 22:00,2026-05-16 22:16,16,prevu,11,2026-05-16 22:56
MU1733,Paris,CDG,2026-05-16 22:00,2026-05-16 22:16,16,prevu,11,2026-05-16 22:56
SK9730,Paris,CDG,2026-05-16 22:00,2026-05-16 22:16,16,prevu,11,2026-05-16 22:56
U26801,Porto,OPO,2026-05-16 22:05,,,prevu,2,2026-05-16 22:56
IB5439,Barcelone,BCN,2026-05-16 22:15,2026-05-16 22:24,9,en_route,9,2026-05-16 06:56
LA5758,Barcelone,BCN,2026-05-16 22:15,,,prevu,9,2026-05-16 06:56
LL5269,Barcelone,BCN,2026-05-16 22:15,2026-05-16 22:24,9,en_route,9,2026-05-16 06:56
QR3516,Barcelone,BCN,2026-05-16 22:15,2026-05-16 22:24,9,en_route,9,2026-05-16 06:56
QR3524,Barcelone,BCN,2026-05-16 22:15,,,prevu,9,2026-05-16 06:56
QR3547,Barcelone,BCN,2026-05-16 22:15,2026-05-16 22:24,9,en_route,9,2026-05-16 06:56
VY2914,Barcelone,BCN,2026-05-16 22:15,2026-05-16 22:24,9,en_route,9,2026-05-16 06:56
V72405,Ajaccio,AJA,2026-05-16 22:20,2026-05-16 22:11,-9,en_route,9,2026-05-16 06:56
EC1860,Arrecife,ACE,2026-05-16 22:25,,,prevu,2,2026-05-16 22:56
U21860,Arrecife,ACE,2026-05-16 22:25,2026-05-16 22:21,-4,en_route,2,2026-05-16 22:56
U21934,Essaouira,ESU,2026-05-16 22:40,2026-05-16 23:49,69,en_route,2,2026-05-16 22:56
AF5193,Amsterdam,AMS,2026-05-16 22:45,2026-05-16 22:48,3,en_route,11,2026-05-16 22:56
G35512,Amsterdam,AMS,2026-05-16 22:45,2026-05-16 22:48,3,en_route,11,2026-05-16 22:56
KL1447,Amsterdam,AMS,2026-05-16 22:45,2026-05-16 22:48,3,en_route,11,2026-05-16 22:56
KQ1319,Amsterdam,AMS,2026-05-16 22:45,2026-05-16 22:48,3,en_route,11,2026-05-16 22:56
MU1573,Amsterdam,AMS,2026-05-16 22:45,2026-05-16 22:48,3,en_route,11,2026-05-16 22:56
SK6782,Amsterdam,AMS,2026-05-16 22:45,2026-05-16 22:48,3,en_route,11,2026-05-16 22:56
TU628,Tunis,TUN,2026-05-16 22:50,2026-05-16 22:48,-2,en_route,9,2026-05-16 06:56
U21836,Nice,NCE,2026-05-16 22:50,,,prevu,9,2026-05-16 06:56
PPFJA,Teterboro,TEB,2026-05-16 22:58,2026-05-16 00:29,91,en_route,9,2026-05-16 06:56
IB5439,Barcelone,BCN,2026-05-16 23:05,2026-05-16 22:58,-7,en_route,2,2026-05-16 23:56
LA5758,Barcelone,BCN,2026-05-16 23:05,2026-05-16 22:58,-7,en_route,2,2026-05-16 23:56
LL5269,Barcelone,BCN,2026-05-16 23:05,2026-05-16 22:58,-7,en_route,2,2026-05-16 23:56
QR3516,Barcelone,BCN,2026-05-16 23:05,,,prevu,2,2026-05-16 23:56
QR3524,Barcelone,BCN,2026-05-16 23:05,2026-05-16 22:58,-7,en_route,2,2026-05-16 23:56
QR3547,Barcelone,BCN,2026-05-16 23:05,2026-05-16 22:58,-7,en_route,2,2026-05-16 23:56
U21808,Marseille,MRS,2026-05-16 23:05,2026-05-16 22:47,-18,en_route,9,2026-05-16 06:56
VY2914,Barcelone,BCN,2026-05-16 23:05,2026-05-16 22:58,-7,en_route,2,2026-05-16 23:56
V72135,Barcelone,BCN,2026-05-16 23:15,,,en_route,9,2026-05-16 06:56
EC1856,Palma de Mallorca,PMI,2026-05-16 23:20,,,prevu,2,2026-05-16 23:56
U21856,Palma de Mallorca,PMI,2026-05-16 23:20,2026-05-16 23:07,-13,en_route,2,2026-05-16 23:56
V73842,Malaga,AGP,2026-05-16 23:55,2026-05-16 23:54,-1,en_route,11,2026-05-16 23:56
U21864,Hurghada,HRG,2026-05-17 01:30,2026-05-17 01:25,-5,en_route,12,2026-05-17 07:56
A33818,Héraklion,HER,2026-05-17 02:30,,,prevu,12,2026-05-17 07:56
V72609,Héraklion,HER,2026-05-17 02:30,,,prevu,12,2026-05-17 07:56
U21617,Nice,NCE,2026-05-17 08:00,2026-05-17 07:45,-15,en_route,2,2026-05-17 08:56
U21387,Genève,GVA,2026-05-17 08:20,2026-05-17 08:06,-14,en_route,2,2026-05-17 08:56
AF7442,Paris,CDG,2026-05-17 08:25,,,en_route,2,2026-05-17 08:56
AM5931,Paris,CDG,2026-05-17 08:25,,,en_route,2,2026-05-17 08:56
BT5784,Paris,CDG,2026-05-17 08:25,,,prevu,2,2026-05-17 08:56
DL8323,Paris,CDG,2026-05-17 08:25,,,prevu,2,2026-05-17 08:56
DL8341,Paris,CDG,2026-05-17 08:25,,,en_route,2,2026-05-17 08:56
SK9731,Paris,CDG,2026-05-17 08:25,,,prevu,2,2026-05-17 08:56
AA8621,Madrid,MAD,2026-05-17 08:35,,,en_route,2,2026-05-17 08:56
IB1199,Madrid,MAD,2026-05-17 08:35,,,en_route,2,2026-05-17 08:56
QR7248,Madrid,MAD,2026-05-17 08:35,,,en_route,2,2026-05-17 08:56
VY5510,Madrid,MAD,2026-05-17 08:35,,,en_route,2,2026-05-17 08:56
AF7430,Paris,CDG,2026-05-17 09:00,,,prevu,2,2026-05-17 09:56
AM5985,Paris,CDG,2026-05-17 09:00,,,prevu,2,2026-05-17 09:56
DL8382,Paris,CDG,2026-05-17 09:00,,,prevu,2,2026-05-17 09:56
IB5437,Barcelone,BCN,2026-05-17 09:00,,,prevu,2,2026-05-17 09:56
LA5787,Barcelone,BCN,2026-05-17 09:00,,,prevu,2,2026-05-17 09:56
LL5267,Barcelone,BCN,2026-05-17 09:00,,,prevu,2,2026-05-17 09:56
QR3556,Barcelone,BCN,2026-05-17 09:00,,,prevu,2,2026-05-17 09:56
VY2912,Barcelone,BCN,2026-05-17 09:00,,,prevu,2,2026-05-17 09:56
OYO9,Lyon,LYN,2026-05-17 09:03,,,prevu,2,2026-05-17 09:56
U22375,Luton,LTN,2026-05-17 09:45,2026-05-17 09:49,4,en_route,2,2026-05-17 09:56
V72405,Ajaccio,AJA,2026-05-17 09:45,,,arrivee,2,2026-05-17 09:56
LH1070,Francfort,FRA,2026-05-17 09:50,2026-05-17 10:05,15,en_route,2,2026-05-17 09:56
LX3606,Francfort,FRA,2026-05-17 09:50,2026-05-17 10:05,15,en_route,2,2026-05-17 09:56
3O303,Tanger,TNG,2026-05-17 09:55,,,en_route,2,2026-05-17 09:56
U21816,Lyon,LYS,2026-05-17 09:55,2026-05-17 09:40,-15,en_route,2,2026-05-17 09:56
TG9110,Istanbul,IST,2026-05-17 10:10,2026-05-17 10:05,-5,en_route,2,2026-05-17 10:56
TK1389,Istanbul,IST,2026-05-17 10:10,2026-05-17 10:05,-5,en_route,2,2026-05-17 10:56
BA2570,Londres,LGW,2026-05-17 10:15,2026-05-17 10:25,10,en_route,2,2026-05-17 10:56
QR6242,Londres,LGW,2026-05-17 10:15,2026-05-17 10:25,10,en_route,2,2026-05-17 10:56
U28383,Londres,LGW,2026-05-17 10:25,2026-05-17 10:12,-13,en_route,2,2026-05-17 10:56
V73915,Palerme,PMO,2026-05-17 10:40,,,en_route,2,2026-05-17 10:56
AF7432,Paris,CDG,2026-05-17 11:00,,,prevu,2,2026-05-17 11:56
AM5722,Paris,CDG,2026-05-17 11:00,,,prevu,2,2026-05-17 11:56
DL8312,Paris,CDG,2026-05-17 11:00,,,prevu,2,2026-05-17 11:56
DL8381,Paris,CDG,2026-05-17 11:00,,,prevu,2,2026-05-17 11:56
MK9012,Paris,CDG,2026-05-17 11:00,,,prevu,2,2026-05-17 11:56
MU1537,Paris,CDG,2026-05-17 11:00,,,prevu,2,2026-05-17 11:56
SK9736,Paris,CDG,2026-05-17 11:00,,,prevu,2,2026-05-17 11:56
VN3238,Paris,CDG,2026-05-17 11:00,,,prevu,2,2026-05-17 11:56
AF8287,Amsterdam,AMS,2026-05-17 11:05,,,en_route,2,2026-05-17 11:56
DL9624,Amsterdam,AMS,2026-05-17 11:05,,,en_route,2,2026-05-17 11:56
KL1441,Amsterdam,AMS,2026-05-17 11:05,,,en_route,2,2026-05-17 11:56
KQ1315,Amsterdam,AMS,2026-05-17 11:05,,,en_route,2,2026-05-17 11:56
MU1571,Amsterdam,AMS,2026-05-17 11:05,,,en_route,2,2026-05-17 11:56
SK6776,Amsterdam,AMS,2026-05-17 11:05,,,en_route,2,2026-05-17 11:56
FRA96,Mos,ROZ,2026-05-17 11:35,2026-05-17 11:36,1,en_route,2,2026-05-17 11:56
A33608,Corfou,CFU,2026-05-17 12:25,2026-05-17 12:31,6,en_route,2,2026-05-17 12:56
V72233,Corfou,CFU,2026-05-17 12:25,2026-05-17 12:31,6,en_route,2,2026-05-17 12:56
JFA22A,Saint Tropez,LTT,2026-05-17 12:41,2026-05-17 12:19,-22,en_route,2,2026-05-17 12:56
AF7434,Paris,CDG,2026-05-17 13:15,,,prevu,2,2026-05-17 13:56
AM5793,Paris,CDG,2026-05-17 13:15,,,prevu,2,2026-05-17 13:56
AY6361,Paris,CDG,2026-05-17 13:15,,,prevu,2,2026-05-17 13:56
BT5619,Paris,CDG,2026-05-17 13:15,,,prevu,2,2026-05-17 13:56
DL8317,Paris,CDG,2026-05-17 13:15,,,prevu,2,2026-05-17 13:56
DL8327,Paris,CDG,2026-05-17 13:15,,,prevu,2,2026-05-17 13:56
DL8391,Paris,CDG,2026-05-17 13:15,,,prevu,2,2026-05-17 13:56
MK9016,Paris,CDG,2026-05-17 13:15,,,prevu,2,2026-05-17 13:56
SK9731,Paris,CDG,2026-05-17 13:15,,,prevu,2,2026-05-17 13:56
SK9733,Paris,CDG,2026-05-17 13:15,,,prevu,2,2026-05-17 13:56
U21850,Budapest,BUD,2026-05-17 13:15,2026-05-17 13:14,-1,en_route,2,2026-05-17 13:56
VN3240,Paris,CDG,2026-05-17 13:15,,,prevu,2,2026-05-17 13:56
WS5006,Paris,CDG,2026-05-17 13:15,,,prevu,2,2026-05-17 13:56
AF9424,Paris,CDG,2026-05-17 13:40,2026-05-17 13:44,4,en_route,2,2026-05-17 13:56
AM5991,Paris,CDG,2026-05-17 13:40,2026-05-17 13:44,4,en_route,2,2026-05-17 13:56
DL8350,Paris,CDG,2026-05-17 13:40,2026-05-17 13:44,4,en_route,2,2026-05-17 13:56
WS5013,Paris,CDG,2026-05-17 13:40,2026-05-17 13:44,4,en_route,2,2026-05-17 13:56
V72443,Palma de Mallorca,PMI,2026-05-17 13:45,2026-05-17 13:56,11,en_route,2,2026-05-17 13:56
IB5694,Barcelone,BCN,2026-05-17 14:00,2026-05-17 14:20,20,en_route,2,2026-05-17 14:56
LA5856,Barcelone,BCN,2026-05-17 14:00,2026-05-17 14:20,20,en_route,2,2026-05-17 14:56
LL5271,Barcelone,BCN,2026-05-17 14:00,2026-05-17 14:20,20,en_route,2,2026-05-17 14:56
QR3613,Barcelone,BCN,2026-05-17 14:00,2026-05-17 14:20,20,en_route,2,2026-05-17 14:56
VY2916,Barcelone,BCN,2026-05-17 14:00,2026-05-17 14:20,20,en_route,2,2026-05-17 14:56
U21886,Athènes,ATH,2026-05-17 14:10,2026-05-17 14:13,3,en_route,2,2026-05-17 14:56
LX552,Zurich,ZRH,2026-05-17 14:15,2026-05-17 14:26,11,en_route,2,2026-05-17 14:56
OYO9,Grenoble,GNB,2026-05-17 14:15,2026-05-17 14:37,22,en_route,2,2026-05-17 14:56
H5373,Ibiza,IBZ,2026-05-17 14:16,2026-05-17 14:20,4,en_route,2,2026-05-17 14:56
U21904,Rabat,RBA,2026-05-17 14:20,2026-05-17 13:58,-22,arrivee,2,2026-05-17 14:56
U27605,Lisbonne,LIS,2026-05-17 14:50,2026-05-17 15:26,36,en_route,2,2026-05-17 14:56
3O301,Fez,FEZ,2026-05-17 15:20,2026-05-17 15:09,-11,en_route,2,2026-05-17 15:56
EC7301,Palma de Mallorca,PMI,2026-05-17 15:25,,,prevu,2,2026-05-17 15:56
U21930,Rome,FCO,2026-05-17 15:25,2026-05-17 15:09,-16,en_route,2,2026-05-17 15:56
U27301,Palma de Mallorca,PMI,2026-05-17 15:25,,,en_route,2,2026-05-17 15:56
U21874,Porto,OPO,2026-05-17 15:35,2026-05-17 15:26,-9,en_route,2,2026-05-17 15:56
V72467,Florence,FLR,2026-05-17 16:00,2026-05-17 15:56,-4,en_route,2,2026-05-17 16:56
W95415,Luton,LTN,2026-05-17 16:05,,,en_route,2,2026-05-17 16:56
V72423,Lille,LIL,2026-05-17 16:30,,,prevu,2,2026-05-17 16:56
OEGGM,Altenrhein,ACH,2026-05-17 16:34,,,prevu,2,2026-05-17 16:56
V72611,Strasbourg,SXB,2026-05-17 16:35,,,prevu,2,2026-05-17 16:56
U21389,Genève,GVA,2026-05-17 17:10,2026-05-17 17:00,-10,en_route,2,2026-05-17 17:56
AA8017,Dublin,DUB,2026-05-17 17:15,2026-05-17 17:13,-2,en_route,2,2026-05-17 17:56
AF8293,Amsterdam,AMS,2026-05-17 17:15,2026-05-17 17:21,6,en_route,2,2026-05-17 17:56
DL9160,Amsterdam,AMS,2026-05-17 17:15,2026-05-17 17:21,6,en_route,2,2026-05-17 17:56
DL9161,Amsterdam,AMS,2026-05-17 17:15,2026-05-17 17:21,6,en_route,2,2026-05-17 17:56
EI506,Dublin,DUB,2026-05-17 17:15,2026-05-17 17:13,-2,en_route,2,2026-05-17 17:56
G35518,Amsterdam,AMS,2026-05-17 17:15,2026-05-17 17:21,6,en_route,2,2026-05-17 17:56
KL1445,Amsterdam,AMS,2026-05-17 17:15,2026-05-17 17:21,6,en_route,2,2026-05-17 17:56
KQ1317,Amsterdam,AMS,2026-05-17 17:15,2026-05-17 17:21,6,en_route,2,2026-05-17 17:56
SK6780,Amsterdam,AMS,2026-05-17 17:15,2026-05-17 17:21,6,en_route,2,2026-05-17 17:56
V72635,Marseille,MRS,2026-05-17 17:15,,,en_route,2,2026-05-17 17:56
WS5212,Amsterdam,AMS,2026-05-17 17:15,2026-05-17 17:21,6,en_route,2,2026-05-17 17:56
AA8623,Madrid,MAD,2026-05-17 17:25,2026-05-17 17:32,7,en_route,2,2026-05-17 17:56
CX1874,Madrid,MAD,2026-05-17 17:25,2026-05-17 17:32,7,en_route,2,2026-05-17 17:56
IB1203,Madrid,MAD,2026-05-17 17:25,2026-05-17 17:32,7,en_route,2,2026-05-17 17:56
LA1689,Madrid,MAD,2026-05-17 17:25,2026-05-17 17:32,7,en_route,2,2026-05-17 17:56
QR5375,Madrid,MAD,2026-05-17 17:25,2026-05-17 17:32,7,en_route,2,2026-05-17 17:56
VY5514,Madrid,MAD,2026-05-17 17:25,2026-05-17 17:32,7,en_route,2,2026-05-17 17:56
AF6136,Lyon,LYS,2026-05-17 17:35,2026-05-17 17:23,-12,en_route,2,2026-05-17 17:56
U21818,Lyon,LYS,2026-05-17 17:35,,,en_route,2,2026-05-17 17:56
VJT451,Luton,LTN,2026-05-17 17:43,,,en_route,2,2026-05-17 17:56
LH2258,Munich,MUC,2026-05-17 17:50,2026-05-17 17:53,3,en_route,2,2026-05-17 17:56
U23803,Milan,MXP,2026-05-17 18:00,2026-05-17 17:45,-15,en_route,2,2026-05-17 18:56
AF7436,Paris,CDG,2026-05-17 18:10,,,prevu,2,2026-05-17 18:56
AM5854,Paris,CDG,2026-05-17 18:10,,,prevu,2,2026-05-17 18:56
AR7824,Paris,CDG,2026-05-17 18:10,,,prevu,2,2026-05-17 18:56
AY6327,Paris,CDG,2026-05-17 18:10,,,prevu,2,2026-05-17 18:56
DL8490,Paris,CDG,2026-05-17 18:10,,,prevu,4,2026-05-17 18:56
LH1072,Francfort,FRA,2026-05-17 18:10,,,prevu,2,2026-05-17 18:56
LX3614,Francfort,FRA,2026-05-17 18:10,,,prevu,2,2026-05-17 18:56
MK9018,Paris,CDG,2026-05-17 18:10,,,prevu,4,2026-05-17 18:56
MU1867,Paris,CDG,2026-05-17 18:10,,,prevu,4,2026-05-17 18:56
SK9732,Paris,CDG,2026-05-17 18:10,,,prevu,14,2026-05-17 18:56
V72067,Menorca,MAH,2026-05-17 18:10,,,prevu,2,2026-05-17 18:56
WS5126,Paris,CDG,2026-05-17 18:10,,,prevu,14,2026-05-17 18:56
IB5439,Barcelone,BCN,2026-05-17 18:20,,,prevu,2,2026-05-17 18:56
LA5758,Barcelone,BCN,2026-05-17 18:20,,,prevu,2,2026-05-17 18:56
LL5269,Barcelone,BCN,2026-05-17 18:20,,,prevu,2,2026-05-17 18:56
QR3524,Barcelone,BCN,2026-05-17 18:20,,,prevu,2,2026-05-17 18:56
QR3547,Barcelone,BCN,2026-05-17 18:20,,,prevu,2,2026-05-17 18:56
V73842,Malaga,AGP,2026-05-17 18:20,,,en_route,2,2026-05-17 18:56
VY2914,Barcelone,BCN,2026-05-17 18:20,,,prevu,2,2026-05-17 18:56
U21852,Santa Cruz de Ténérife,TFS,2026-05-17 18:25,,,prevu,12,2026-05-17 07:56
U21878,Lisbonne,LIS,2026-05-17 18:25,,,prevu,2,2026-05-17 18:56
FJO53F,Varsovie,WAW,2026-05-17 18:33,,,en_route,2,2026-05-17 18:56
NJE956U,Cannes,CEQ,2026-05-17 19:00,,,prevu,2,2026-05-17 19:56
AT798,Casablanca,CMN,2026-05-17 19:05,2026-05-17 19:23,18,en_route,2,2026-05-17 19:56
U21828,Nice,NCE,2026-05-17 19:05,2026-05-17 19:48,43,en_route,2,2026-05-17 19:56
U21806,Marseille,MRS,2026-05-17 19:10,,,prevu,2,2026-05-17 19:56
U21906,Marrakech,RAK,2026-05-17 19:30,2026-05-17 20:12,42,en_route,2,2026-05-17 19:56
BA9173,London,LHR,2026-05-17 19:34,,,en_route,2,2026-05-17 19:56
AF7438,Paris,CDG,2026-05-17 19:35,,,prevu,2,2026-05-17 19:56
AH1190,Alger,ALG,2026-05-17 19:35,,,prevu,2,2026-05-17 19:56
AM5855,Paris,CDG,2026-05-17 19:35,,,prevu,2,2026-05-17 19:56
AY6331,Paris,CDG,2026-05-17 19:35,,,prevu,2,2026-05-17 19:56
BT5615,Paris,CDG,2026-05-17 19:35,,,prevu,2,2026-05-17 19:56
SK9734,Paris,CDG,2026-05-17 19:35,,,prevu,2,2026-05-17 19:56
U21906,Marrakech,RAK,2026-05-17 19:35,,,prevu,12,2026-05-17 07:56
WS5127,Paris,CDG,2026-05-17 19:35,,,prevu,2,2026-05-17 19:56
U25141,Berlin,BER,2026-05-17 20:00,2026-05-17 19:46,-14,arrivee,2,2026-05-17 20:56
V72403,Bastia,BIA,2026-05-17 20:15,2026-05-17 21:18,63,en_route,2,2026-05-17 20:56
V72443,Palma de Mallorca,PMI,2026-05-17 20:25,,,arrivee,12,2026-05-17 07:56
W43297,Bucarest,OTP,2026-05-17 20:25,2026-05-17 20:50,25,en_route,2,2026-05-17 20:56
BA2572,Londres,LGW,2026-05-17 20:35,,,prevu,12,2026-05-17 07:56
QR5938,Londres,LGW,2026-05-17 20:35,,,prevu,12,2026-05-17 07:56
AT614,Marrakech,RAK,2026-05-17 20:40,2026-05-17 21:03,23,en_route,2,2026-05-17 20:56
U21391,Genève,GVA,2026-05-17 20:55,,,prevu,2,2026-05-17 20:56
V72437,Manises,VLC,2026-05-17 21:00,2026-05-17 21:13,13,en_route,2,2026-05-17 21:56
H5961,Venise,VCE,2026-05-17 21:03,,,prevu,2,2026-05-17 21:56
U22423,Luton,LTN,2026-05-17 21:15,,,prevu,12,2026-05-17 07:56
V72433,Figari,FSC,2026-05-17 21:15,2026-05-17 21:44,29,en_route,2,2026-05-17 21:56
U26647,Birmingham,BHX,2026-05-17 21:20,,,prevu,2,2026-05-17 21:56
U27605,Lisbonne,LIS,2026-05-17 21:20,,,prevu,12,2026-05-17 07:56
U28385,Londres,LGW,2026-05-17 21:20,,,prevu,2,2026-05-17 21:56
AF6138,Lyon,LYS,2026-05-17 21:35,2026-05-17 21:30,-5,en_route,2,2026-05-17 21:56
V72139,Sevilla,SVQ,2026-05-17 21:50,,,prevu,12,2026-05-17 07:56
U21876,Porto,OPO,2026-05-17 21:55,2026-05-17 22:24,29,en_route,2,2026-05-17 21:56
U22423,Luton,LTN,2026-05-17 21:55,,,prevu,2,2026-05-17 21:56
AF7440,Paris,CDG,2026-05-17 22:00,,,prevu,14,2026-05-17 22:56
AM5794,Paris,CDG,2026-05-17 22:00,,,prevu,14,2026-05-17 22:56
AY6303,Paris,CDG,2026-05-17 22:00,,,prevu,14,2026-05-17 22:56
BT5613,Paris,CDG,2026-05-17 22:00,,,prevu,14,2026-05-17 22:56
MK9010,Paris,CDG,2026-05-17 22:00,,,prevu,14,2026-05-17 22:56
MU1733,Paris,CDG,2026-05-17 22:00,,,prevu,14,2026-05-17 22:56
SK9730,Paris,CDG,2026-05-17 22:00,,,prevu,14,2026-05-17 22:56
U22769,Bristol,BRS,2026-05-17 22:05,2026-05-17 22:28,23,en_route,2,2026-05-17 22:56
U26801,Porto,OPO,2026-05-17 22:05,,,prevu,12,2026-05-17 07:56
U21641,Nice,NCE,2026-05-17 22:20,,,en_route,2,2026-05-17 22:56
EC1860,Arrecife,ACE,2026-05-17 22:25,,,prevu,12,2026-05-17 07:56
U21824,Lille,LIL,2026-05-17 22:25,,,prevu,2,2026-05-17 22:56
U21860,Arrecife,ACE,2026-05-17 22:25,2026-05-17 22:21,-4,en_route,12,2026-05-17 07:56
V71346,Venise,VCE,2026-05-17 22:25,2026-05-17 23:15,50,en_route,2,2026-05-17 22:56
U21934,Essaouira,ESU,2026-05-17 22:40,2026-05-17 23:49,69,en_route,12,2026-05-17 07:56
AF5193,Amsterdam,AMS,2026-05-17 22:45,2026-05-17 22:48,3,prevu,14,2026-05-17 22:56
G35512,Amsterdam,AMS,2026-05-17 22:45,2026-05-17 22:48,3,prevu,14,2026-05-17 22:56
KL1447,Amsterdam,AMS,2026-05-17 22:45,2026-05-17 22:48,3,prevu,14,2026-05-17 22:56
KQ1319,Amsterdam,AMS,2026-05-17 22:45,2026-05-17 22:48,3,prevu,14,2026-05-17 22:56
MU1573,Amsterdam,AMS,2026-05-17 22:45,2026-05-17 22:48,3,prevu,14,2026-05-17 22:56
SK6782,Amsterdam,AMS,2026-05-17 22:45,2026-05-17 22:48,3,prevu,14,2026-05-17 22:56
U21820,Lyon,LYS,2026-05-17 22:45,,,prevu,2,2026-05-17 22:56
U21808,Marseille,MRS,2026-05-17 22:50,,,prevu,2,2026-05-17 22:56
IB5439,Barcelone,BCN,2026-05-17 23:05,2026-05-17 22:58,-7,en_route,12,2026-05-17 07:56
LA5758,Barcelone,BCN,2026-05-17 23:05,2026-05-17 22:58,-7,en_route,12,2026-05-17 07:56
LL5269,Barcelone,BCN,2026-05-17 23:05,2026-05-17 22:58,-7,en_route,12,2026-05-17 07:56
QR3516,Barcelone,BCN,2026-05-17 23:05,,,prevu,12,2026-05-17 07:56
QR3524,Barcelone,BCN,2026-05-17 23:05,2026-05-17 22:58,-7,en_route,12,2026-05-17 07:56
QR3547,Barcelone,BCN,2026-05-17 23:05,2026-05-17 22:58,-7,en_route,12,2026-05-17 07:56
VY2914,Barcelone,BCN,2026-05-17 23:05,2026-05-17 22:58,-7,en_route,12,2026-05-17 07:56
EC1856,Palma de Mallorca,PMI,2026-05-17 23:20,,,prevu,12,2026-05-17 07:56
U21856,Palma de Mallorca,PMI,2026-05-17 23:20,2026-05-17 23:07,-13,en_route,12,2026-05-17 07:56
AZ7128,Rome,FCO,2026-05-17 23:55,,,en_route,2,2026-05-17 23:56
V72457,Split,SPU,2026-05-17 23:55,,,prevu,2,2026-05-17 23:56
V72703,Rome,FCO,2026-05-17 23:55,,,en_route,2,2026-05-17 23:56
V73842,Malaga,AGP,2026-05-17 23:55,2026-05-17 23:54,-1,en_route,12,2026-05-17 07:56
BCS95W,Leipzig-Halle,LEJ,2026-05-18 03:58,,,prevu,6,2026-05-18 06:56
DJ6316,Paris,CDG,2026-05-18 04:45,,,prevu,6,2026-05-18 06:56
U21387,Genève,GVA,2026-05-18 07:30,,,prevu,2,2026-05-18 07:56
V72635,Marseille,MRS,2026-05-18 08:00,,,prevu,2,2026-05-18 08:56
AA8621,Madrid,MAD,2026-05-18 08:35,,,prevu,2,2026-05-18 08:56
IB1199,Madrid,MAD,2026-05-18 08:35,,,prevu,2,2026-05-18 08:56
QR7248,Madrid,MAD,2026-05-18 08:35,,,prevu,2,2026-05-18 08:56
VY5510,Madrid,MAD,2026-05-18 08:35,,,prevu,2,2026-05-18 08:56
AF7430,Paris,CDG,2026-05-18 09:00,,,prevu,2,2026-05-18 09:56
AM5985,Paris,CDG,2026-05-18 09:00,,,prevu,2,2026-05-18 09:56
DL8382,Paris,CDG,2026-05-18 09:00,,,prevu,2,2026-05-18 09:56
U21804,Marseille,MRS,2026-05-18 09:05,,,prevu,2,2026-05-18 09:56
U21876,Porto,OPO,2026-05-18 09:20,,,prevu,2,2026-05-18 09:56
BA2570,Londres,LGW,2026-05-18 09:25,,,prevu,2,2026-05-18 09:56
QR6242,Londres,LGW,2026-05-18 09:25,,,prevu,2,2026-05-18 09:56
T7SYC,Rouen,URO,2026-05-18 09:29,,,prevu,2,2026-05-18 09:56
AF6132,Lyon,LYS,2026-05-18 09:45,,,prevu,2,2026-05-18 09:56
NAK503A,Muret,QFB,2026-05-18 09:45,,,prevu,2,2026-05-18 09:56
U21816,Lyon,LYS,2026-05-18 09:50,,,prevu,2,2026-05-18 09:56
LXFDA,Paris,LBG,2026-05-18 09:55,,,prevu,2,2026-05-18 09:56
AA8017,Dublin,DUB,2026-05-18 10:05,,,prevu,2,2026-05-18 10:56
EI502,Dublin,DUB,2026-05-18 10:05,,,prevu,2,2026-05-18 10:56
LH2258,Munich,MUC,2026-05-18 10:05,,,prevu,2,2026-05-18 10:56
V72605,Ajaccio,AJA,2026-05-18 10:05,2026-05-18 10:04,-1,en_route,2,2026-05-18 10:56
U21908,Marrakech,RAK,2026-05-18 10:35,,,prevu,2,2026-05-18 10:56
AF7432,Paris,CDG,2026-05-18 11:00,,,prevu,2,2026-05-18 11:56
AM5722,Paris,CDG,2026-05-18 11:00,,,prevu,2,2026-05-18 11:56
DL8381,Paris,CDG,2026-05-18 11:00,,,prevu,2,2026-05-18 11:56
MK9012,Paris,CDG,2026-05-18 11:00,,,prevu,2,2026-05-18 11:56
MU1537,Paris,CDG,2026-05-18 11:00,,,prevu,2,2026-05-18 11:56
SK9736,Paris,CDG,2026-05-18 11:00,,,prevu,2,2026-05-18 11:56
U28381,Londres,LGW,2026-05-18 11:00,,,prevu,2,2026-05-18 11:56
VN3238,Paris,CDG,2026-05-18 11:00,,,prevu,2,2026-05-18 11:56
AF8287,Amsterdam,AMS,2026-05-18 11:05,,,prevu,2,2026-05-18 11:56
DL9624,Amsterdam,AMS,2026-05-18 11:05,,,prevu,2,2026-05-18 11:56
KL1441,Amsterdam,AMS,2026-05-18 11:05,,,prevu,2,2026-05-18 11:56
KQ1315,Amsterdam,AMS,2026-05-18 11:05,,,prevu,2,2026-05-18 11:56
MU1571,Amsterdam,AMS,2026-05-18 11:05,,,prevu,2,2026-05-18 11:56
PD7516,Montréal,YUL,2026-05-18 11:05,,,prevu,2,2026-05-18 11:56
SK6776,Amsterdam,AMS,2026-05-18 11:05,,,prevu,2,2026-05-18 11:56
TS516,Montréal,YUL,2026-05-18 11:05,,,prevu,2,2026-05-18 11:56
WS5305,Montréal,YUL,2026-05-18 11:05,,,prevu,2,2026-05-18 11:56
AT792,Casablanca,CMN,2026-05-18 11:30,,,prevu,2,2026-05-18 11:56
V72439,Alger,ALG,2026-05-18 11:30,,,prevu,2,2026-05-18 11:56
EC7301,Palma de Mallorca,PMI,2026-05-18 12:20,,,prevu,2,2026-05-18 12:56
U27301,Palma de Mallorca,PMI,2026-05-18 12:20,,,prevu,2,2026-05-18 12:56
V72411,Strasbourg,SXB,2026-05-18 12:50,,,prevu,2,2026-05-18 12:56
VLJ895L,Brindisi,BDS,2026-05-18 12:54,,,prevu,2,2026-05-18 12:56
U21826,Nice,NCE,2026-05-18 13:00,,,prevu,2,2026-05-18 13:56
AF7434,Paris,CDG,2026-05-18 13:15,,,prevu,2,2026-05-18 13:56
AM5793,Paris,CDG,2026-05-18 13:15,,,prevu,2,2026-05-18 13:56
AY6361,Paris,CDG,2026-05-18 13:15,,,prevu,2,2026-05-18 13:56
BT5619,Paris,CDG,2026-05-18 13:15,,,prevu,2,2026-05-18 13:56
DL8327,Paris,CDG,2026-05-18 13:15,,,prevu,2,2026-05-18 13:56
DL8391,Paris,CDG,2026-05-18 13:15,,,prevu,2,2026-05-18 13:56
LX552,Zurich,ZRH,2026-05-18 13:15,,,prevu,2,2026-05-18 13:56
MK9016,Paris,CDG,2026-05-18 13:15,,,prevu,2,2026-05-18 13:56
SJI2,London,BQH,2026-05-18 13:15,,,prevu,2,2026-05-18 13:56
SK9731,Paris,CDG,2026-05-18 13:15,,,prevu,2,2026-05-18 13:56
SK9733,Paris,CDG,2026-05-18 13:15,,,prevu,2,2026-05-18 13:56
VN3240,Paris,CDG,2026-05-18 13:15,,,prevu,2,2026-05-18 13:56
WS5006,Paris,CDG,2026-05-18 13:15,,,prevu,2,2026-05-18 13:56
FHCHF,Figari,FSC,2026-05-18 13:28,,,prevu,2,2026-05-18 13:56
AF6134,Lyon,LYS,2026-05-18 13:40,,,prevu,2,2026-05-18 13:56
U21898,Milan,MXP,2026-05-18 13:45,,,prevu,2,2026-05-18 13:56
V72135,Barcelone,BCN,2026-05-18 14:10,,,prevu,2,2026-05-18 14:56
NJE574G,Nice,NCE,2026-05-18 14:12,,,prevu,2,2026-05-18 14:56
U22423,Luton,LTN,2026-05-18 14:15,,,prevu,2,2026-05-18 14:56
U28383,Londres,LGW,2026-05-18 14:40,,,en_route,2,2026-05-18 14:56
U27605,Lisbonne,LIS,2026-05-18 14:55,,,prevu,2,2026-05-18 14:56
U21824,Lille,LIL,2026-05-18 15:00,,,prevu,2,2026-05-18 15:56
LG8171,Luxembourg,LUX,2026-05-18 15:05,,,prevu,2,2026-05-18 15:56
U21906,Marrakech,RAK,2026-05-18 15:05,,,prevu,2,2026-05-18 15:56
OYO10,Marseille,MRS,2026-05-18 15:11,2026-05-18 15:28,17,en_route,2,2026-05-18 15:56
U21930,Rome,FCO,2026-05-18 15:15,,,arrivee,2,2026-05-18 15:56
MILAN7C,Nimes,FNI,2026-05-18 15:25,2026-05-18 15:39,14,en_route,2,2026-05-18 15:56
IB5437,Barcelone,BCN,2026-05-18 15:35,2026-05-18 15:29,-6,arrivee,2,2026-05-18 15:56
LL5267,Barcelone,BCN,2026-05-18 15:35,2026-05-18 15:29,-6,arrivee,2,2026-05-18 15:56
QR3556,Barcelone,BCN,2026-05-18 15:35,2026-05-18 15:29,-6,arrivee,2,2026-05-18 15:56
VY2912,Barcelone,BCN,2026-05-18 15:35,2026-05-18 15:29,-6,arrivee,2,2026-05-18 15:56
OYO10,Marseille,MRS,2026-05-18 15:43,,,prevu,2,2026-05-18 15:56
U22111,Manchester,MAN,2026-05-18 15:55,2026-05-18 15:42,-13,en_route,2,2026-05-18 15:56
W95415,Luton,LTN,2026-05-18 16:05,2026-05-18 16:02,-3,en_route,2,2026-05-18 16:56
AF8293,Amsterdam,AMS,2026-05-18 16:20,2026-05-18 16:41,21,en_route,2,2026-05-18 16:56
DL9160,Amsterdam,AMS,2026-05-18 16:20,2026-05-18 16:41,21,en_route,2,2026-05-18 16:56
DL9161,Amsterdam,AMS,2026-05-18 16:20,,,prevu,2,2026-05-18 16:56
G35518,Amsterdam,AMS,2026-05-18 16:20,,,prevu,2,2026-05-18 16:56
KL1445,Amsterdam,AMS,2026-05-18 16:20,2026-05-18 16:41,21,en_route,2,2026-05-18 16:56
KQ1317,Amsterdam,AMS,2026-05-18 16:20,2026-05-18 16:41,21,en_route,2,2026-05-18 16:56
SK6780,Amsterdam,AMS,2026-05-18 16:20,2026-05-18 16:41,21,en_route,2,2026-05-18 16:56
WS5212,Amsterdam,AMS,2026-05-18 16:20,2026-05-18 16:41,21,en_route,2,2026-05-18 16:56
A3696,Athènes,ATH,2026-05-18 16:40,2026-05-18 16:53,13,en_route,2,2026-05-18 16:56
V75141,Athènes,ATH,2026-05-18 16:40,2026-05-18 16:53,13,en_route,2,2026-05-18 16:56
AA8623,Madrid,MAD,2026-05-18 17:25,,,prevu,2,2026-05-18 17:56
CX1874,Madrid,MAD,2026-05-18 17:25,,,prevu,2,2026-05-18 17:56
IB1203,Madrid,MAD,2026-05-18 17:25,2026-05-18 17:27,2,en_route,2,2026-05-18 17:56
LA1689,Madrid,MAD,2026-05-18 17:25,,,prevu,2,2026-05-18 17:56
QR5375,Madrid,MAD,2026-05-18 17:25,,,prevu,2,2026-05-18 17:56
VY5514,Madrid,MAD,2026-05-18 17:25,,,prevu,2,2026-05-18 17:56
AZ7128,Rome,FCO,2026-05-18 17:30,,,en_route,2,2026-05-18 17:56
V72703,Rome,FCO,2026-05-18 17:30,,,en_route,2,2026-05-18 17:56
AF6136,Lyon,LYS,2026-05-18 17:40,,,prevu,2,2026-05-18 17:56
TK1391,Istanbul,IST,2026-05-18 17:55,2026-05-18 17:49,-6,en_route,2,2026-05-18 17:56
U21894,Olbia,OLB,2026-05-18 17:55,,,en_route,2,2026-05-18 17:56
LH1072,Francfort,FRA,2026-05-18 18:00,,,prevu,2,2026-05-18 18:56
LX3614,Francfort,FRA,2026-05-18 18:00,,,prevu,2,2026-05-18 18:56
AF7436,Paris,CDG,2026-05-18 18:10,,,prevu,2,2026-05-18 18:56
AM5854,Paris,CDG,2026-05-18 18:10,,,prevu,2,2026-05-18 18:56
AR7824,Paris,CDG,2026-05-18 18:10,,,prevu,2,2026-05-18 18:56
AY6327,Paris,CDG,2026-05-18 18:10,,,prevu,2,2026-05-18 18:56
DL8490,Paris,CDG,2026-05-18 18:10,,,prevu,2,2026-05-18 18:56
MK9018,Paris,CDG,2026-05-18 18:10,,,prevu,2,2026-05-18 18:56
MU1867,Paris,CDG,2026-05-18 18:10,,,prevu,2,2026-05-18 18:56
SK9732,Paris,CDG,2026-05-18 18:10,,,prevu,2,2026-05-18 18:56
WS5126,Paris,CDG,2026-05-18 18:10,,,prevu,2,2026-05-18 18:56
TO4885,Sevilla,SVQ,2026-05-18 18:30,,,arrivee,2,2026-05-18 18:56
U24309,Lyon,LYS,2026-05-18 18:30,,,prevu,2,2026-05-18 18:56
SK2781,Copenhague,CPH,2026-05-18 18:40,,,annule,2,2026-05-18 18:56
U21806,Marseille,MRS,2026-05-18 18:50,,,prevu,2,2026-05-18 18:56
V72443,Palma de Mallorca,PMI,2026-05-18 18:55,,,prevu,2,2026-05-18 18:56
U21641,Nice,NCE,2026-05-18 19:25,,,prevu,2,2026-05-18 19:56
AF7438,Paris,CDG,2026-05-18 19:35,,,prevu,2,2026-05-18 19:56
AM5855,Paris,CDG,2026-05-18 19:35,,,prevu,12,2026-05-18 19:56
AY6331,Paris,CDG,2026-05-18 19:35,,,prevu,8,2026-05-18 19:56
BT5615,Paris,CDG,2026-05-18 19:35,,,prevu,8,2026-05-18 19:56
SK9734,Paris,CDG,2026-05-18 19:35,,,prevu,12,2026-05-18 19:56
U21922,Bruxelles,BRU,2026-05-18 19:35,,,prevu,2,2026-05-18 19:56
WS5127,Paris,CDG,2026-05-18 19:35,,,prevu,12,2026-05-18 19:56
U23213,Édimbourg,EDI,2026-05-18 19:55,2026-05-18 20:12,17,en_route,2,2026-05-18 19:56
U25141,Berlin,BER,2026-05-18 20:00,2026-05-18 19:46,-14,arrivee,10,2026-05-18 06:56
V72403,Bastia,BIA,2026-05-18 20:15,2026-05-18 21:14,59,arrivee,10,2026-05-18 06:56
W43297,Bucarest,OTP,2026-05-18 20:25,2026-05-18 20:50,25,en_route,10,2026-05-18 06:56
AT614,Marrakech,RAK,2026-05-18 20:40,2026-05-18 21:03,23,en_route,10,2026-05-18 06:56
D83632,Copenhague,CPH,2026-05-18 20:50,2026-05-18 20:39,-11,en_route,2,2026-05-18 20:56
U21391,Genève,GVA,2026-05-18 20:55,,,en_route,12,2026-05-18 20:56
V72437,Manises,VLC,2026-05-18 21:00,2026-05-18 21:13,13,en_route,10,2026-05-18 06:56
H5961,Venise,VCE,2026-05-18 21:03,,,prevu,10,2026-05-18 06:56
U22769,Bristol,BRS,2026-05-18 21:05,,,prevu,2,2026-05-18 21:56
U21617,Nice,NCE,2026-05-18 21:15,2026-05-18 21:00,-15,en_route,2,2026-05-18 21:56
V72433,Figari,FSC,2026-05-18 21:15,2026-05-18 21:44,29,en_route,10,2026-05-18 06:56
U26647,Birmingham,BHX,2026-05-18 21:20,,,prevu,10,2026-05-18 06:56
U28385,Londres,LGW,2026-05-18 21:20,,,prevu,10,2026-05-18 06:56
AF6138,Lyon,LYS,2026-05-18 21:35,2026-05-18 21:30,-5,prevu,12,2026-05-18 21:56
V72465,Madrid,MAD,2026-05-18 21:35,,,prevu,2,2026-05-18 21:56
U22375,Luton,LTN,2026-05-18 21:40,2026-05-18 21:09,-31,en_route,2,2026-05-18 21:56
U21876,Porto,OPO,2026-05-18 21:55,2026-05-18 22:24,29,en_route,10,2026-05-18 06:56
U22423,Luton,LTN,2026-05-18 21:55,2026-05-18 00:33,158,en_route,10,2026-05-18 06:56
AF7440,Paris,CDG,2026-05-18 22:00,,,boarding,12,2026-05-18 22:56
AM5794,Paris,CDG,2026-05-18 22:00,,,boarding,12,2026-05-18 22:56
AY6303,Paris,CDG,2026-05-18 22:00,,,boarding,12,2026-05-18 22:56
BT5613,Paris,CDG,2026-05-18 22:00,,,boarding,12,2026-05-18 22:56
MK9010,Paris,CDG,2026-05-18 22:00,,,boarding,12,2026-05-18 22:56
MU1733,Paris,CDG,2026-05-18 22:00,,,boarding,12,2026-05-18 22:56
SK9730,Paris,CDG,2026-05-18 22:00,,,boarding,12,2026-05-18 22:56
U24363,Lyon,LYS,2026-05-18 22:00,,,prevu,2,2026-05-18 22:56
U22769,Bristol,BRS,2026-05-18 22:05,2026-05-18 22:28,23,en_route,10,2026-05-18 06:56
U21641,Nice,NCE,2026-05-18 22:20,,,en_route,10,2026-05-18 06:56
U21824,Lille,LIL,2026-05-18 22:25,,,prevu,10,2026-05-18 06:56
V71346,Venise,VCE,2026-05-18 22:25,2026-05-18 23:15,50,en_route,10,2026-05-18 06:56
AF5193,Amsterdam,AMS,2026-05-18 22:45,,,prevu,12,2026-05-18 22:56
G35512,Amsterdam,AMS,2026-05-18 22:45,,,prevu,12,2026-05-18 22:56
KL1447,Amsterdam,AMS,2026-05-18 22:45,,,prevu,12,2026-05-18 22:56
KQ1319,Amsterdam,AMS,2026-05-18 22:45,,,prevu,12,2026-05-18 22:56
MU1573,Amsterdam,AMS,2026-05-18 22:45,,,prevu,12,2026-05-18 22:56
SK6782,Amsterdam,AMS,2026-05-18 22:45,,,prevu,12,2026-05-18 22:56
U21820,Lyon,LYS,2026-05-18 22:45,,,prevu,10,2026-05-18 06:56
U21808,Marseille,MRS,2026-05-18 22:50,,,prevu,10,2026-05-18 06:56
U21858,Menorca,MAH,2026-05-18 23:00,,,prevu,2,2026-05-18 23:56
U21808,Marseille,MRS,2026-05-18 23:05,,,prevu,2,2026-05-18 23:56
U21868,Prague,PRG,2026-05-18 23:30,,,prevu,2,2026-05-18 23:56
IB5694,Barcelone,BCN,2026-05-18 23:45,,,prevu,2,2026-05-18 23:56
LA5781,Barcelone,BCN,2026-05-18 23:45,,,prevu,2,2026-05-18 23:56
LL5271,Barcelone,BCN,2026-05-18 23:45,,,prevu,2,2026-05-18 23:56
QR3617,Barcelone,BCN,2026-05-18 23:45,,,prevu,2,2026-05-18 23:56
VY2916,Barcelone,BCN,2026-05-18 23:45,,,prevu,2,2026-05-18 23:56
AZ7128,Rome,FCO,2026-05-18 23:55,,,en_route,10,2026-05-18 06:56
V71346,Venise,VCE,2026-05-18 23:55,2026-05-18 23:39,-16,en_route,2,2026-05-18 23:56
V72457,Split,SPU,2026-05-18 23:55,,,prevu,10,2026-05-18 06:56
V72703,Rome,FCO,2026-05-18 23:55,,,en_route,10,2026-05-18 06:56
U21872,Faro,FAO,2026-05-19 00:40,,,prevu,12,2026-05-19 05:56
DJ6316,Paris,CDG,2026-05-19 06:20,,,prevu,2,2026-05-19 06:56
BCS95W,Bruxelles,BRU,2026-05-19 07:06,,,prevu,2,2026-05-19 07:56
W46769,Venise,VCE,2026-05-19 08:10,,,prevu,2,2026-05-19 08:56
W46199,Rome,FCO,2026-05-19 08:15,,,prevu,2,2026-05-19 08:56
AA8621,Madrid,MAD,2026-05-19 08:35,,,prevu,2,2026-05-19 08:56
IB1199,Madrid,MAD,2026-05-19 08:35,,,prevu,2,2026-05-19 08:56
QR7248,Madrid,MAD,2026-05-19 08:35,,,prevu,2,2026-05-19 08:56
VY5510,Madrid,MAD,2026-05-19 08:35,,,prevu,2,2026-05-19 08:56
U23803,Milan,MXP,2026-05-19 08:45,,,prevu,2,2026-05-19 08:56
AF7430,Paris,CDG,2026-05-19 09:00,,,prevu,2,2026-05-19 09:56
AM5985,Paris,CDG,2026-05-19 09:00,,,prevu,2,2026-05-19 09:56
DL8382,Paris,CDG,2026-05-19 09:00,,,prevu,2,2026-05-19 09:56
AF6132,Lyon,LYS,2026-05-19 09:45,,,prevu,2,2026-05-19 09:56
BGA292C,Toulouse,TLS,2026-05-19 09:45,,,prevu,2,2026-05-19 09:56
NAK503D,Muret,QFB,2026-05-19 09:46,,,prevu,2,2026-05-19 09:56
LH1070,Francfort,FRA,2026-05-19 09:55,,,prevu,2,2026-05-19 09:56
LX3606,Francfort,FRA,2026-05-19 09:55,,,prevu,2,2026-05-19 09:56
U21816,Lyon,LYS,2026-05-19 09:55,,,prevu,2,2026-05-19 09:56
V72467,Florence,FLR,2026-05-19 09:55,,,prevu,2,2026-05-19 09:56
U21804,Marseille,MRS,2026-05-19 10:00,,,prevu,2,2026-05-19 10:56
TG9110,Istanbul,IST,2026-05-19 10:10,,,prevu,2,2026-05-19 10:56
TK1389,Istanbul,IST,2026-05-19 10:10,,,prevu,2,2026-05-19 10:56
DWW863,Memmingen,FMM,2026-05-19 10:35,,,prevu,2,2026-05-19 10:56
BA2570,Londres,LGW,2026-05-19 10:45,,,prevu,2,2026-05-19 10:56
QR6242,Londres,LGW,2026-05-19 10:45,,,prevu,2,2026-05-19 10:56
U27607,Lisbonne,LIS,2026-05-19 10:45,,,prevu,2,2026-05-19 10:56
NJE970A,Saint-Sébastien,EAS,2026-05-19 10:58,,,prevu,2,2026-05-19 10:56
AF7432,Paris,CDG,2026-05-19 11:00,,,prevu,2,2026-05-19 11:56
AM5722,Paris,CDG,2026-05-19 11:00,,,prevu,2,2026-05-19 11:56
DL8381,Paris,CDG,2026-05-19 11:00,,,prevu,2,2026-05-19 11:56
MK9012,Paris,CDG,2026-05-19 11:00,,,prevu,2,2026-05-19 11:56
MU1537,Paris,CDG,2026-05-19 11:00,,,prevu,2,2026-05-19 11:56
SK9736,Paris,CDG,2026-05-19 11:00,,,prevu,2,2026-05-19 11:56
U28381,Londres,LGW,2026-05-19 11:00,,,prevu,2,2026-05-19 11:56
VN3238,Paris,CDG,2026-05-19 11:00,,,prevu,2,2026-05-19 11:56
AF8287,Amsterdam,AMS,2026-05-19 11:05,,,prevu,2,2026-05-19 11:56
DL9624,Amsterdam,AMS,2026-05-19 11:05,,,prevu,2,2026-05-19 11:56
KL1441,Amsterdam,AMS,2026-05-19 11:05,,,prevu,2,2026-05-19 11:56
KQ1315,Amsterdam,AMS,2026-05-19 11:05,,,prevu,2,2026-05-19 11:56
MU1571,Amsterdam,AMS,2026-05-19 11:05,,,prevu,2,2026-05-19 11:56
SK6776,Amsterdam,AMS,2026-05-19 11:05,,,prevu,2,2026-05-19 11:56
V72439,Alger,ALG,2026-05-19 11:45,,,prevu,2,2026-05-19 11:56
U21906,Marrakech,RAK,2026-05-19 11:55,,,prevu,2,2026-05-19 11:56
ZEROG,Bordeaux,BOD,2026-05-19 12:08,,,prevu,2,2026-05-19 12:56
IB5437,Barcelone,BCN,2026-05-19 12:20,,,prevu,2,2026-05-19 12:56
LL5267,Barcelone,BCN,2026-05-19 12:20,,,prevu,2,2026-05-19 12:56
QR3556,Barcelone,BCN,2026-05-19 12:20,,,prevu,2,2026-05-19 12:56
VY2912,Barcelone,BCN,2026-05-19 12:20,,,prevu,2,2026-05-19 12:56
ECA4AB,Genève,GVA,2026-05-19 12:32,,,prevu,2,2026-05-19 12:56
U21389,Genève,GVA,2026-05-19 12:45,,,prevu,2,2026-05-19 12:56
AA7999,Dublin,DUB,2026-05-19 12:55,,,prevu,2,2026-05-19 12:56
EI504,Dublin,DUB,2026-05-19 12:55,,,prevu,2,2026-05-19 12:56
QR8239,Dublin,DUB,2026-05-19 12:55,,,prevu,2,2026-05-19 12:56
AF7434,Paris,CDG,2026-05-19 13:15,,,prevu,2,2026-05-19 13:56
AM5793,Paris,CDG,2026-05-19 13:15,,,prevu,2,2026-05-19 13:56
AY6361,Paris,CDG,2026-05-19 13:15,,,prevu,2,2026-05-19 13:56
BT5619,Paris,CDG,2026-05-19 13:15,,,prevu,2,2026-05-19 13:56
DL8391,Paris,CDG,2026-05-19 13:15,,,prevu,2,2026-05-19 13:56
MK9016,Paris,CDG,2026-05-19 13:15,,,prevu,2,2026-05-19 13:56
SK9733,Paris,CDG,2026-05-19 13:15,,,prevu,2,2026-05-19 13:56
VN3240,Paris,CDG,2026-05-19 13:15,,,prevu,2,2026-05-19 13:56
AF6134,Lyon,LYS,2026-05-19 13:40,,,prevu,2,2026-05-19 13:56
U21826,Nice,NCE,2026-05-19 14:05,,,prevu,2,2026-05-19 14:56
U21818,Lyon,LYS,2026-05-19 14:30,,,prevu,2,2026-05-19 14:56
V73842,Malaga,AGP,2026-05-19 15:00,,,prevu,2,2026-05-19 15:56
EI818,Cork,ORK,2026-05-19 15:10,,,prevu,2,2026-05-19 15:56
LEJ330,Munich,MUC,2026-05-19 15:11,,,prevu,2,2026-05-19 15:56
EC7301,Palma de Mallorca,PMI,2026-05-19 15:50,,,prevu,2,2026-05-19 15:56
U27301,Palma de Mallorca,PMI,2026-05-19 15:50,2026-05-19 15:39,-11,en_route,2,2026-05-19 15:56
U22423,Luton,LTN,2026-05-19 16:15,,,prevu,2,2026-05-19 16:56
U22769,Bristol,BRS,2026-05-19 16:15,,,prevu,2,2026-05-19 16:56
AF8293,Amsterdam,AMS,2026-05-19 16:20,,,prevu,2,2026-05-19 16:56
DL9160,Amsterdam,AMS,2026-05-19 16:20,,,prevu,2,2026-05-19 16:56
KL1445,Amsterdam,AMS,2026-05-19 16:20,,,prevu,2,2026-05-19 16:56
KQ1317,Amsterdam,AMS,2026-05-19 16:20,,,prevu,2,2026-05-19 16:56
SK6780,Amsterdam,AMS,2026-05-19 16:20,,,prevu,2,2026-05-19 16:56
WS5212,Amsterdam,AMS,2026-05-19 16:20,,,prevu,2,2026-05-19 16:56
U21641,Nice,NCE,2026-05-19 16:35,,,prevu,2,2026-05-19 16:56
V72611,Strasbourg,SXB,2026-05-19 16:55,,,prevu,2,2026-05-19 16:56
AA8623,Madrid,MAD,2026-05-19 17:25,,,prevu,2,2026-05-19 17:56
CX1874,Madrid,MAD,2026-05-19 17:25,,,prevu,2,2026-05-19 17:56
IB1203,Madrid,MAD,2026-05-19 17:25,,,prevu,2,2026-05-19 17:56
LA1689,Madrid,MAD,2026-05-19 17:25,,,prevu,2,2026-05-19 17:56
QR5375,Madrid,MAD,2026-05-19 17:25,,,prevu,2,2026-05-19 17:56
VY5514,Madrid,MAD,2026-05-19 17:25,,,prevu,2,2026-05-19 17:56
BJ718,Tunis,TUN,2026-05-19 17:30,,,prevu,2,2026-05-19 17:56
V72765,Oran,ORN,2026-05-19 17:35,,,prevu,2,2026-05-19 17:56
AF6136,Lyon,LYS,2026-05-19 17:40,,,prevu,2,2026-05-19 17:56
IB5439,Barcelone,BCN,2026-05-19 17:45,,,prevu,2,2026-05-19 17:56
LA5758,Barcelone,BCN,2026-05-19 17:45,,,prevu,2,2026-05-19 17:56
LL5269,Barcelone,BCN,2026-05-19 17:45,,,prevu,2,2026-05-19 17:56
QR3524,Barcelone,BCN,2026-05-19 17:45,,,prevu,2,2026-05-19 17:56
VY2914,Barcelone,BCN,2026-05-19 17:45,,,prevu,2,2026-05-19 17:56
LH2258,Munich,MUC,2026-05-19 17:50,,,prevu,2,2026-05-19 17:56
AF7436,Paris,CDG,2026-05-19 18:10,,,en_route,2,2026-05-19 18:56
AM5854,Paris,CDG,2026-05-19 18:10,,,prevu,2,2026-05-19 18:56
AR7824,Paris,CDG,2026-05-19 18:10,,,prevu,2,2026-05-19 18:56
AY6327,Paris,CDG,2026-05-19 18:10,,,prevu,2,2026-05-19 18:56
DL8490,Paris,CDG,2026-05-19 18:10,,,prevu,2,2026-05-19 18:56
MK9018,Paris,CDG,2026-05-19 18:10,,,prevu,2,2026-05-19 18:56
MU1867,Paris,CDG,2026-05-19 18:10,,,prevu,2,2026-05-19 18:56
SK9732,Paris,CDG,2026-05-19 18:10,,,prevu,2,2026-05-19 18:56
WS5126,Paris,CDG,2026-05-19 18:10,,,prevu,2,2026-05-19 18:56
U21876,Porto,OPO,2026-05-19 18:35,,,en_route,2,2026-05-19 18:56
U21934,Essaouira,ESU,2026-05-19 18:45,,,arrivee,2,2026-05-19 18:56
AH1190,Alger,ALG,2026-05-19 19:00,2026-05-19 19:01,1,en_route,2,2026-05-19 19:56
LX552,Zurich,ZRH,2026-05-19 19:00,2026-05-19 19:11,11,en_route,2,2026-05-19 19:56
AT798,Casablanca,CMN,2026-05-19 19:05,2026-05-19 19:00,-5,en_route,2,2026-05-19 19:56
U21908,Marrakech,RAK,2026-05-19 19:05,2026-05-19 19:00,-5,en_route,2,2026-05-19 19:56
U21641,Nice,NCE,2026-05-19 19:25,,,prevu,10,2026-05-19 05:56
AF7438,Paris,CDG,2026-05-19 19:35,2026-05-19 19:25,-10,en_route,12,2026-05-19 19:56
AM5855,Paris,CDG,2026-05-19 19:35,2026-05-19 19:25,-10,en_route,12,2026-05-19 19:56
AY6331,Paris,CDG,2026-05-19 19:35,2026-05-19 19:25,-10,en_route,12,2026-05-19 19:56
BT5615,Paris,CDG,2026-05-19 19:35,2026-05-19 19:25,-10,en_route,12,2026-05-19 19:56
SK9734,Paris,CDG,2026-05-19 19:35,,,prevu,10,2026-05-19 05:56
U21922,Bruxelles,BRU,2026-05-19 19:35,,,prevu,10,2026-05-19 05:56
WS5127,Paris,CDG,2026-05-19 19:35,2026-05-19 19:25,-10,en_route,12,2026-05-19 19:56
V72447,Napoli,NAP,2026-05-19 19:40,2026-05-19 19:21,-19,en_route,2,2026-05-19 19:56
V72433,Figari,FSC,2026-05-19 19:50,2026-05-19 19:38,-12,en_route,2,2026-05-19 19:56
U23213,Édimbourg,EDI,2026-05-19 19:55,2026-05-19 20:12,17,en_route,10,2026-05-19 05:56
D83632,Copenhague,CPH,2026-05-19 20:50,2026-05-19 20:39,-11,en_route,10,2026-05-19 05:56
U21391,Genève,GVA,2026-05-19 20:55,,,en_route,10,2026-05-19 05:56
U22769,Bristol,BRS,2026-05-19 21:05,,,prevu,10,2026-05-19 05:56
U21617,Nice,NCE,2026-05-19 21:15,2026-05-19 21:00,-15,en_route,10,2026-05-19 05:56
AF6138,Lyon,LYS,2026-05-19 21:35,,,prevu,10,2026-05-19 05:56
V72465,Madrid,MAD,2026-05-19 21:35,,,prevu,10,2026-05-19 05:56
U22375,Luton,LTN,2026-05-19 21:40,2026-05-19 21:09,-31,en_route,10,2026-05-19 05:56
AF7440,Paris,CDG,2026-05-19 22:00,,,boarding,10,2026-05-19 05:56
AM5794,Paris,CDG,2026-05-19 22:00,,,boarding,10,2026-05-19 05:56
AY6303,Paris,CDG,2026-05-19 22:00,,,boarding,10,2026-05-19 05:56
BT5613,Paris,CDG,2026-05-19 22:00,,,boarding,10,2026-05-19 05:56
MK9010,Paris,CDG,2026-05-19 22:00,,,boarding,10,2026-05-19 05:56
MU1733,Paris,CDG,2026-05-19 22:00,,,boarding,10,2026-05-19 05:56
SK9730,Paris,CDG,2026-05-19 22:00,,,boarding,10,2026-05-19 05:56
U24363,Lyon,LYS,2026-05-19 22:00,,,prevu,10,2026-05-19 05:56
AF5193,Amsterdam,AMS,2026-05-19 22:45,,,prevu,10,2026-05-19 05:56
G35512,Amsterdam,AMS,2026-05-19 22:45,,,prevu,10,2026-05-19 05:56
KL1447,Amsterdam,AMS,2026-05-19 22:45,,,prevu,10,2026-05-19 05:56
KQ1319,Amsterdam,AMS,2026-05-19 22:45,,,prevu,10,2026-05-19 05:56
MU1573,Amsterdam,AMS,2026-05-19 22:45,,,prevu,10,2026-05-19 05:56
SK6782,Amsterdam,AMS,2026-05-19 22:45,,,prevu,10,2026-05-19 05:56
U21858,Menorca,MAH,2026-05-19 23:00,,,prevu,10,2026-05-19 05:56
U21808,Marseille,MRS,2026-05-19 23:05,,,prevu,10,2026-05-19 05:56
U21868,Prague,PRG,2026-05-19 23:30,,,prevu,10,2026-05-19 05:56
IB5694,Barcelone,BCN,2026-05-19 23:45,,,prevu,10,2026-05-19 05:56
LA5781,Barcelone,BCN,2026-05-19 23:45,,,prevu,10,2026-05-19 05:56
LL5271,Barcelone,BCN,2026-05-19 23:45,,,prevu,10,2026-05-19 05:56
QR3617,Barcelone,BCN,2026-05-19 23:45,,,prevu,10,2026-05-19 05:56
VY2916,Barcelone,BCN,2026-05-19 23:45,,,prevu,10,2026-05-19 05:56
V71346,Venise,VCE,2026-05-19 23:55,2026-05-19 23:39,-16,en_route,10,2026-05-19 05:56
V72443,Palma de Mallorca,PMI,2026-10-02 15:00,2026-10-02 14:50,-10,arrivee,1,2026-10-02 15:56
U27301,Palma de Mallorca,PMI,2026-10-02 15:25,2026-10-02 15:14,-11,arrivee,1,2026-10-02 15:56
W95415,Luton,LTN,2026-10-02 16:05,,,arrivee,2,2026-10-02 16:56
BZAC18,Bordeaux,BOD,2026-10-02 16:08,,,arrivee,2,2026-10-02 16:56
V72611,Strasbourg,SXB,2026-10-02 16:15,,,arrivee,2,2026-10-02 16:56
ARL615C,Salamanca,SLM,2026-10-02 16:19,,,arrivee,2,2026-10-02 16:56
AF8293,Amsterdam,AMS,2026-10-02 16:20,2026-10-02 16:36,16,en_route,2,2026-10-02 16:56
DL9161,Amsterdam,AMS,2026-10-02 16:20,2026-10-02 16:36,16,en_route,2,2026-10-02 16:56
KL1445,Amsterdam,AMS,2026-10-02 16:20,2026-10-02 16:36,16,en_route,2,2026-10-02 16:56
KQ1317,Amsterdam,AMS,2026-10-02 16:20,2026-10-02 16:36,16,en_route,2,2026-10-02 16:56
SK6780,Amsterdam,AMS,2026-10-02 16:20,2026-10-02 16:36,16,en_route,2,2026-10-02 16:56
U27605,Lisbonne,LIS,2026-10-02 16:20,2026-10-02 16:23,3,en_route,2,2026-10-02 16:56
WS5212,Amsterdam,AMS,2026-10-02 16:20,2026-10-02 16:36,16,en_route,2,2026-10-02 16:56
U21641,Nice,NCE,2026-10-02 16:30,2026-10-02 16:14,-16,arrivee,2,2026-10-02 16:56
U22423,Luton,LTN,2026-10-02 16:35,2026-10-02 16:34,-1,en_route,2,2026-10-02 16:56
TO4885,Sevilla,SVQ,2026-10-02 17:05,2026-10-02 16:48,-17,en_route,2,2026-10-02 17:56
U21894,Olbia,OLB,2026-10-02 17:20,2026-10-02 17:12,-8,en_route,2,2026-10-02 17:56
AA8623,Madrid,MAD,2026-10-02 17:25,2026-10-02 17:15,-10,en_route,2,2026-10-02 17:56
AY4773,Madrid,MAD,2026-10-02 17:25,2026-10-02 17:15,-10,en_route,2,2026-10-02 17:56
CX1874,Madrid,MAD,2026-10-02 17:25,2026-10-02 17:15,-10,en_route,2,2026-10-02 17:56
IB1203,Madrid,MAD,2026-10-02 17:25,2026-10-02 17:15,-10,en_route,2,2026-10-02 17:56
LA1689,Madrid,MAD,2026-10-02 17:25,2026-10-02 17:15,-10,en_route,2,2026-10-02 17:56
QR5375,Madrid,MAD,2026-10-02 17:25,2026-10-02 17:15,-10,en_route,2,2026-10-02 17:56
VY5514,Madrid,MAD,2026-10-02 17:25,2026-10-02 17:15,-10,en_route,2,2026-10-02 17:56
TG9395,Istanbul,IST,2026-10-02 17:55,2026-10-02 17:41,-14,en_route,2,2026-10-02 17:56
TK1391,Istanbul,IST,2026-10-02 17:55,2026-10-02 17:41,-14,en_route,2,2026-10-02 17:56
AF7436,Paris,CDG,2026-10-02 18:10,,,prevu,2,2026-10-02 18:56
AM5854,Paris,CDG,2026-10-02 18:10,,,prevu,2,2026-10-02 18:56
AR7824,Paris,CDG,2026-10-02 18:10,,,prevu,2,2026-10-02 18:56
AY6327,Paris,CDG,2026-10-02 18:10,,,prevu,2,2026-10-02 18:56
DL8490,Paris,CDG,2026-10-02 18:10,,,prevu,2,2026-10-02 18:56
MK9018,Paris,CDG,2026-10-02 18:10,,,prevu,2,2026-10-02 18:56
MU1867,Paris,CDG,2026-10-02 18:10,,,prevu,2,2026-10-02 18:56
SK9732,Paris,CDG,2026-10-02 18:10,,,prevu,2,2026-10-02 18:56
WS5126,Paris,CDG,2026-10-02 18:10,,,prevu,2,2026-10-02 18:56
AZ7128,Rome,FCO,2026-10-02 18:20,2026-10-02 18:02,-18,en_route,2,2026-10-02 18:56
V72703,Rome,FCO,2026-10-02 18:20,2026-10-02 18:02,-18,en_route,2,2026-10-02 18:56
U21806,Marseille,MRS,2026-10-02 18:25,,,prevu,2,2026-10-02 18:56
PAV603,London,BQH,2026-10-02 18:29,,,prevu,2,2026-10-02 18:56
AF6136,Lyon,LYS,2026-10-02 18:35,,,prevu,2,2026-10-02 18:56
SK2781,Copenhague,CPH,2026-10-02 18:40,2026-10-02 18:49,9,en_route,2,2026-10-02 18:56
U21858,Menorca,MAH,2026-10-02 18:40,,,prevu,2,2026-10-02 18:56
LX552,Zurich,ZRH,2026-10-02 18:50,,,en_route,2,2026-10-02 18:56
U23803,Milan,MXP,2026-10-02 19:15,2026-10-02 19:55,40,en_route,2,2026-10-02 19:56
V72465,Madrid,MAD,2026-10-02 19:30,,,arrivee,2,2026-10-02 19:56
AF7438,Paris,CDG,2026-10-02 19:35,2026-10-02 19:44,9,en_route,2,2026-10-02 19:56
AM5855,Paris,CDG,2026-10-02 19:35,2026-10-02 19:44,9,en_route,2,2026-10-02 19:56
AY6331,Paris,CDG,2026-10-02 19:35,2026-10-02 19:44,9,en_route,2,2026-10-02 19:56
BT5615,Paris,CDG,2026-10-02 19:35,2026-10-02 19:44,9,en_route,2,2026-10-02 19:56
SK9734,Paris,CDG,2026-10-02 19:35,2026-10-02 19:44,9,en_route,2,2026-10-02 19:56
WS5127,Paris,CDG,2026-10-02 19:35,2026-10-02 19:44,9,en_route,2,2026-10-02 19:56
U21930,Rome,FCO,2026-10-02 19:40,,,arrivee,2,2026-10-02 19:56
EC9047,Lisbonne,LIS,2026-10-02 19:57,2026-10-02 20:19,22,en_route,1,2026-10-02 19:56
D83632,Copenhague,CPH,2026-10-02 20:50,2026-10-02 20:51,1,en_route,1,2026-10-02 20:26
U21391,Genève,GVA,2026-10-02 20:55,,,prevu,1,2026-10-02 20:26
