date,flight_iata,std,predicted_at,prediction_type,probabilite_retard,risk_level
2026-10-02,DJ6315,21:25,2026-10-02 21:02,T-2h,17.8,green
2026-10-02,U21392,21:25,2026-10-02 21:02,T-2h,55.1,orange
2026-10-02,D83633,21:30,2026-10-02 21:02,T-2h,28.2,green
2026-10-02,QY,21:30,2026-10-02 21:02,T-2h,42.9,yellow
2026-10-02,DS1072,21:40,2026-10-02 21:02,T-2h,57.2,orange
2026-10-02,EC4312,21:55,2026-10-02 21:02,T-2h,27.8,green
2026-10-02,U28386,22:05,2026-10-02 21:02,T-2h,40.6,yellow
2026-10-02,BA2573,22:10,2026-10-02 21:02,T-2h,26.8,green
2026-10-02,V72610,22:20,2026-10-02 21:02,T-2h,32.0,green
2026-10-02,U22376,22:30,2026-10-02 21:02,T-2h,30.1,green
2026-10-02,BJ719,22:45,2026-10-02 21:02,T-2h,54.2,orange
2026-10-02,VY2915,22:55,2026-10-02 21:02,T-2h,34.2,green
2026-10-02,BJ771,23:05,2026-10-02 21:02,T-2h,32.3,green
2026-10-02,TU629,23:40,2026-10-02 21:02,Jour J,50.8,orange
